{
  "node": {
    "4.x": {
      "stats": {
        "array_delete": {
          "supportsES6": true,
          "baseline": 4277.715356078885,
          "relative": {
            "es6": 2.093365481804528
          },
          "raw": {
            "es6": 8954.821667400704
          },
          "elapsed": {
            "es5": 5.586,
            "es6": 5.62
          },
          "count": {
            "es5": 383,
            "es6": 739
          },
          "errors": {}
        }
      },
      "version": "4.2.2"
    },
    "6.x": {
      "stats": {
        "array_delete": {
          "supportsES6": true,
          "baseline": 6353.823939962126,
          "relative": {
            "es6": 2.280096309547191
          },
          "raw": {
            "es6": 14487.330517020235
          },
          "elapsed": {
            "es5": 5.394,
            "es6": 5.579
          },
          "count": {
            "es5": 345,
            "es6": 760
          },
          "errors": {}
        }
      },
      "version": "6.8.0"
    }
  }
}