{
  "node": {
    "6.x": {
      "stats": {
        "array_delete": {
          "supportsES6": false,
          "baseline": 5426.790629106361,
          "relative": {
            "faster": 2.2254719645862577
          },
          "raw": {
            "faster": 12077.170402755626
          },
          "elapsed": {
            "es5": 5.379,
            "faster": 5.492
          },
          "count": {
            "es5": 344,
            "faster": 746
          },
          "errors": {}
        },
        "property_removal": {
          "supportsES6": false,
          "baseline": 5909.4539361540665,
          "relative": {
            "faster": 1.7826135763585989
          },
          "raw": {
            "faster": 10534.272815454
          },
          "elapsed": {
            "es5": 5.339,
            "faster": 5.346
          },
          "count": {
            "es5": 329,
            "faster": 579
          },
          "errors": {}
        }
      },
      "version": "6.8.0"
    }
  }
}