{
  "node": {
    "4.x": {
      "stats": {
        "array_delete": {
          "supportsES6": true,
          "baseline": 4277.715356078885,
          "relative": {
            "es6": 2.093365481804528
          },
          "raw": {
            "es6": 8954.821667400704
          },
          "elapsed": {
            "es5": 5.586,
            "es6": 5.62
          },
          "count": {
            "es5": 383,
            "es6": 739
          },
          "errors": {}
        }
      },
      "version": "4.2.2"
    },
    "6.x": {
      "stats": {
        "array_delete": {
          "supportsES6": true,
          "baseline": 6415.558342268047,
          "relative": {
            "es6": 2.2701496976669193
          },
          "raw": {
            "es6": 14564.27783106429
          },
          "elapsed": {
            "es5": 5.39,
            "es6": 5.474
          },
          "count": {
            "es5": 348,
            "es6": 763
          },
          "errors": {}
        }
      },
      "version": "6.8.0"
    }
  }
}